date,Order Book Discrepancy ($),moniker,Unique Heights,ratio,mev_7day
2024-12-11,15.6931885,    Kingnodes üëë,1005,0.015615112935323383,0.015615112935323383
2024-12-12,61.306427750000005,    Kingnodes üëë,1239,0.049480571226795805,0.0325478420810596
2024-12-13,15.8686335,    Kingnodes üëë,1237,0.012828321341956345,0.025974668501358513
2024-12-14,13.857122,    Kingnodes üëë,1305,0.01061848429118774,0.02213562244881582
2024-12-15,9.898578,    Kingnodes üëë,1295,0.007643689575289576,0.01923723587411057
2024-12-16,31.3830108,    Kingnodes üëë,1247,0.025166808981555735,0.020225498058684763
2024-12-17,60.5973843,    Kingnodes üëë,1240,0.048868858306451615,0.024317406665508603
2024-12-18,12.41602555,    Kingnodes üëë,625,0.01986564088,0.024924624943319543
2024-12-11,205.0016338,  AutoStake üõ°Ô∏è Slash Protected,1148,0.17857285174216028,0.17857285174216028
2024-12-12,193.72997494999998,  AutoStake üõ°Ô∏è Slash Protected,1411,0.13729976963146703,0.15793631068681366
2024-12-13,108.83488249999999,  AutoStake üõ°Ô∏è Slash Protected,1401,0.07768371341898643,0.13118544493087125
2024-12-14,278.547274,  AutoStake üõ°Ô∏è Slash Protected,1422,0.195884158931083,0.1473601234309242
2024-12-15,28.96189825,  AutoStake üõ°Ô∏è Slash Protected,1455,0.01990508470790378,0.12186911568632011
2024-12-16,91.5730385,  AutoStake üõ°Ô∏è Slash Protected,1481,0.06183189635381499,0.11186291246423591
2024-12-17,66.9152783,  AutoStake üõ°Ô∏è Slash Protected,1477,0.04530486005416384,0.10235461926279706
2024-12-18,81.90766705,  AutoStake üõ°Ô∏è Slash Protected,747,0.10964881800535475,0.09250832872896768
2024-12-11,0.050927,  RHINO,217,0.00023468663594470047,0.00023468663594470047
2024-12-12,1.0971205,  RHINO,266,0.004124513157894737,0.0021795998969197186
2024-12-13,1.7803825,  RHINO,268,0.0066432182835820894,0.0036674726924738423
2024-12-14,2.447384,  RHINO,278,0.008803539568345323,0.004951489411441712
2024-12-15,1.070559,  RHINO,283,0.0037828939929328625,0.004717770327739942
2024-12-16,0.5001275,  RHINO,282,0.0017735017730496452,0.0042270589019582265
2024-12-17,1.6264653,  RHINO,283,0.005747227208480565,0.004444225802889988
2024-12-18,32.234732,  RHINO,142,0.22700515492957749,0.03684000698769467
2024-12-11,26.8060035, Lavender.Five Nodes üêù,1136,0.02359683406690141,0.02359683406690141
2024-12-12,39.556951500000004, Lavender.Five Nodes üêù,1390,0.028458238489208636,0.02602753627805502
2024-12-13,23.22574175, Lavender.Five Nodes üêù,1392,0.01668515930316092,0.02291341061975699
2024-12-14,20.964787, Lavender.Five Nodes üêù,1441,0.014548776544066621,0.020822252100834396
2024-12-15,113.3025815, Lavender.Five Nodes üêù,1431,0.07917720580013976,0.03249324284069547
2024-12-16,52.9509245, Lavender.Five Nodes üêù,1433,0.03695109874389393,0.03323621882456188
2024-12-17,31.834557, Lavender.Five Nodes üêù,1427,0.022308729502452697,0.031675148921403426
2024-12-18,32.4908135, Lavender.Five Nodes üêù,735,0.04420518843537415,0.034619199545470956
2024-12-11,23.891615749999996, Silk Nodes,498,0.04797513202811244,0.04797513202811244
2024-12-12,27.066087500000002, Silk Nodes,617,0.043867240680713133,0.04592118635441279
2024-12-13,12.6486695, Silk Nodes,619,0.020434037964458807,0.037425470224428124
2024-12-14,4.3819465, Silk Nodes,640,0.006846791406249999,0.029780800519883594
2024-12-15,14.483221, Silk Nodes,639,0.022665447574334897,0.028357729930773855
2024-12-16,13.4198335, Silk Nodes,636,0.02110036713836478,0.02714816946537234
2024-12-17,132.61822475, Silk Nodes,627,0.21151232017543858,0.05348590528109609
2024-12-18,4.218826, Silk Nodes,331,0.012745697885196375,0.048453128974965225
2024-12-17,0.0,0base.vc,3,0.0,0.0
2024-12-11,27.3885955,Allnodes,598,0.04580032692307692,0.04580032692307692
2024-12-12,57.651461499999996,Allnodes,739,0.07801280311231393,0.061906565017695425
2024-12-13,24.009282,Allnodes,736,0.03262130706521739,0.05214481236686941
2024-12-14,2.9813055,Allnodes,770,0.0038718253246753246,0.04007656560632089
2024-12-15,1.1498495,Allnodes,768,0.0014971998697916667,0.032360692459015045
2024-12-16,31.547838249999998,Allnodes,769,0.041024497074122236,0.033804659894866244
2024-12-17,33.38043905,Allnodes,767,0.04352078102998696,0.03519267719988349
2024-12-18,6.927410500000001,Allnodes,391,0.017717162404092074,0.031180796554314223
2024-12-11,82.1366205,BinanceNode,1917,0.04284643740219093,0.04284643740219093
2024-12-12,99.5707812,BinanceNode,2343,0.0424971323943662,0.04267178489827857
2024-12-13,47.33027545,BinanceNode,2364,0.020021267110829105,0.03512161230246208
2024-12-14,54.306560499999996,BinanceNode,2457,0.022102792226292224,0.031866907283419614
2024-12-15,66.58842175000001,BinanceNode,2464,0.02702452181412338,0.030898430189560365
2024-12-16,139.6562135,BinanceNode,2383,0.05860520919009652,0.03551622668964973
2024-12-17,74.74410400000001,BinanceNode,2413,0.03097559220886863,0.03486756462096671
2024-12-18,14.95596925,BinanceNode,1247,0.011993559943865277,0.03046001069834876
2024-12-11,37.893401000000004,Blockdaemon,43,0.8812418837209304,0.8812418837209304
2024-12-12,35.40104975,Blockdaemon,54,0.6555749953703703,0.7684084395456503
2024-12-13,27.105759,Blockdaemon,52,0.5212645961538461,0.6860271584150489
2024-12-14,4.911802499999999,Blockdaemon,53,0.09267551886792452,0.5376892485282678
2024-12-15,265.0567295000001,Blockdaemon,53,5.001070367924529,1.43036547240752
2024-12-16,6.2784063,Blockdaemon,53,0.11846049622641511,1.2117146430440027
2024-12-17,12.521056000000002,Blockdaemon,54,0.23187140740740744,1.0717370379530604
2024-12-18,0.638821,Blockdaemon,28,0.022815035714285715,0.9491046310949683
2024-12-11,1.357492,CEX.IO Validator,177,0.007669446327683615,0.007669446327683615
2024-12-12,10.9527705,CEX.IO Validator,217,0.050473596774193545,0.02907152155093858
2024-12-13,3.3292265,CEX.IO Validator,218,0.01527168119266055,0.024471574764845905
2024-12-14,0.3748485,CEX.IO Validator,227,0.001651314977973568,0.01876650981812782
2024-12-15,0.7626325,CEX.IO Validator,225,0.003389477777777778,0.015691103410057812
2024-12-16,1.60433,CEX.IO Validator,227,0.007067533039647577,0.014253841681656105
2024-12-17,0.3757315,CEX.IO Validator,225,0.0016699177777777777,0.012456138266816344
2024-12-18,3.4533225,CEX.IO Validator,116,0.02977002155172414,0.015613363298822134
2024-12-11,54.317731,Chorus One,1321,0.04111864572293717,0.04111864572293717
2024-12-12,104.72080770000001,Chorus One,1613,0.06492300539367639,0.05302082555830678
2024-12-13,18.1507005,Chorus One,1609,0.011280733685518955,0.03910746160071083
2024-12-14,18.987119,Chorus One,1677,0.011322074537865235,0.032161114834999435
2024-12-15,11.3529815,Chorus One,1669,0.006802265727980827,0.027089345013595712
2024-12-16,37.2450347,Chorus One,1674,0.022249124671445637,0.02628264162323737
2024-12-17,115.3778558,Chorus One,1658,0.06958857406513873,0.03246920340065185
2024-12-18,17.53120425,Chorus One,806,0.02175087375930521,0.02970237883441871
2024-12-11,1.2764810000000002,Citadel.one,105,0.012156961904761907,0.012156961904761907
2024-12-12,25.324445500000003,Citadel.one,130,0.19480342692307695,0.10348019441391942
2024-12-13,1.0509249999999999,Citadel.one,122,0.008614139344262294,0.07185817605736705
2024-12-14,4.4284985,Citadel.one,131,0.0338053320610687,0.062344965058292456
2024-12-15,3.463566,Citadel.one,135,0.025656044444444446,0.055007180935522856
2024-12-16,11.406271249999998,Citadel.one,129,0.08842070736434107,0.06057610200699256
2024-12-17,5.6714105,Citadel.one,136,0.04170154779411765,0.057879737119439
2024-12-18,4.592219500000001,Citadel.one,71,0.06467914788732396,0.06538290654551929
2024-12-11,0.0,Coinage x DAIC,13,0.0,0.0
2024-12-12,0.0,Coinage x DAIC,16,0.0,0.0
2024-12-13,0.0,Coinage x DAIC,13,0.0,0.0
2024-12-14,0.0,Coinage x DAIC,15,0.0,0.0
2024-12-15,0.0,Coinage x DAIC,14,0.0,0.0
2024-12-16,0.903995,Coinage x DAIC,14,0.06457107142857142,0.010761845238095237
2024-12-17,0.065127,Coinage x DAIC,14,0.004651928571428572,0.009888999999999998
2024-12-18,0.0,Coinage x DAIC,7,0.0,0.009888999999999998
2024-12-11,955.99279525,Coinbase,1056,0.905296207623106,0.905296207623106
2024-12-12,1431.536811,Coinbase,1080,1.3254970472222223,1.115396627422664
2024-12-13,330.9794625,Coinbase,1078,0.3070310412801484,0.8459414320418256
2024-12-14,234.0958607,Coinbase,970,0.24133593886597937,0.694790058747864
2024-12-15,179.24246525,Coinbase,1024,0.17504146997070313,0.5908403409924319
2024-12-16,472.9622977,Coinbase,988,0.478706779048583,0.5721514140017904
2024-12-17,476.07529275,Coinbase,462,1.0304660016233766,0.6376249265191599
2024-12-18,274.83913225000003,Coinbase,566,0.48558150574204956,0.5776656833932946
2024-12-11,18.11359,Cosmic Nexus,71,0.2551209859154929,0.2551209859154929
2024-12-12,71.8435765,Cosmic Nexus,93,0.7725115752688172,0.5138162805921551
2024-12-13,14.234508499999999,Cosmic Nexus,90,0.15816120555555555,0.3952645889132886
2024-12-14,226.089613,Cosmic Nexus,104,2.1739385865384615,0.8399330883195818
2024-12-15,140.53297299999997,Cosmic Nexus,103,1.3643977961165046,0.9448260298789662
2024-12-16,43.691576000000005,Cosmic Nexus,96,0.4551205833333334,0.8632084554546942
2024-12-17,60.4774775,Cosmic Nexus,99,0.6108836111111111,0.8271620491198967
2024-12-18,2.000071,Cosmic Nexus,50,0.04000142,0.7964306825605405
2024-12-11,2.966825,Cosmic Validator | 100% Uptime,281,0.010558096085409252,0.010558096085409252
2024-12-12,19.350756,Cosmic Validator | 100% Uptime,259,0.07471334362934363,0.04263571985737644
2024-12-13,0.6838895,Cosmic Validator | 100% Uptime,290,0.002358239655172414,0.029209893123308434
2024-12-14,33.3600245,Cosmic Validator | 100% Uptime,297,0.11232331481481482,0.04998824854618503
2024-12-15,0.26607075,Cosmic Validator | 100% Uptime,297,0.0008958611111111112,0.040169771059170245
2024-12-16,19.1306495,Cosmic Validator | 100% Uptime,297,0.06441296127946128,0.044210302762552084
2024-12-17,3.8046545,Cosmic Validator | 100% Uptime,300,0.012682181666666665,0.03970628546313988
2024-12-18,0.0,Cosmic Validator | 100% Uptime,151,0.0,0.03819798602236713
2024-12-11,18.63256575,Cosmostation,1475,0.012632247966101696,0.012632247966101696
2024-12-12,188.12629274999998,Cosmostation,1804,0.10428286737804877,0.058457557672075236
2024-12-13,19.14950825,Cosmostation,1810,0.010579838812154697,0.04249831805210172
2024-12-14,10.2352455,Cosmostation,1887,0.00542408346581876,0.03322975940553098
2024-12-15,14.9009255,Cosmostation,1877,0.007938692328183271,0.028171545990061442
2024-12-16,47.1919987,Cosmostation,1872,0.025209401014957264,0.02767785516087741
2024-12-17,14.1127328,Cosmostation,1865,0.007567148954423592,0.024804897131384007
2024-12-18,156.60020699999998,Cosmostation,946,0.16553933086680758,0.046648766117199134
2024-12-11,100.66169529999999,Crosnest,1380,0.0729432574637681,0.0729432574637681
2024-12-12,101.1034663,Crosnest,1665,0.06072280258258258,0.06683303002317534
2024-12-13,43.144488,Crosnest,1662,0.025959379061371843,0.053208479702574175
2024-12-14,31.22119875,Crosnest,1745,0.017891804441260744,0.04437931088724582
2024-12-15,93.67891499999999,Crosnest,1732,0.054087133371824477,0.046320875384161554
2024-12-16,68.08784025,Crosnest,1740,0.03913094267241379,0.04512255326553693
2024-12-17,191.1721695,Crosnest,1731,0.11044030589254766,0.054453660783681315
2024-12-18,51.521145700000005,Crosnest,885,0.058215983841807914,0.05234976455197271
2024-12-11,29.75122705,Crypto Learning Club | dYdX Validator,1050,0.028334501952380953,0.028334501952380953
2024-12-12,22.427778,Crypto Learning Club | dYdX Validator,1288,0.017412871118012423,0.02287368653519669
2024-12-13,7.88350625,Crypto Learning Club | dYdX Validator,1295,0.006087649613899614,0.017278340894764332
2024-12-14,9.452937,Crypto Learning Club | dYdX Validator,1349,0.007007366197183099,0.014710597220369022
2024-12-15,3.9119937499999997,Crypto Learning Club | dYdX Validator,1346,0.0029063846582466565,0.01234975470794455
2024-12-16,601.38280395,Crypto Learning Club | dYdX Validator,1348,0.44612967652077157,0.0846464083434157
2024-12-17,75.64943670000001,Crypto Learning Club | dYdX Validator,1343,0.056328694489947886,0.08060102065006317
2024-12-18,5.128363,Crypto Learning Club | dYdX Validator,683,0.007508584187408492,0.0776258895407814
2024-12-11,9.4098685,CryptoCrew X Defi Dojo,519,0.01813076782273603,0.01813076782273603
2024-12-12,1.6998265,CryptoCrew X Defi Dojo,626,0.0027153777955271565,0.010423072809131594
2024-12-13,15.445661,CryptoCrew X Defi Dojo,638,0.0242095,0.015018548539421061
2024-12-14,2.6082435,CryptoCrew X Defi Dojo,669,0.003898719730941704,0.012238591337301222
2024-12-15,1.122242,CryptoCrew X Defi Dojo,663,0.0016926726998491705,0.010129407609810811
2024-12-16,5.2248755,CryptoCrew X Defi Dojo,666,0.007845158408408407,0.009748699409577078
2024-12-17,2.56523525,CryptoCrew X Defi Dojo,668,0.00384017252994012,0.008904624141057513
2024-12-18,1.1977935,CryptoCrew X Defi Dojo,343,0.003492109329446064,0.00681338721344466
2024-12-11,0.3092965,DACM,41,0.007543817073170731,0.007543817073170731
2024-12-12,17.822090000000003,DACM,51,0.34945274509803925,0.178498281085605
2024-12-13,1.546119,DACM,49,0.031553448979591836,0.12951667038360062
2024-12-14,0.1870845,DACM,52,0.003597778846153846,0.09803694749923893
2024-12-15,1.3955425,DACM,51,0.02736357843137255,0.08390227368566565
2024-12-16,0.4907615,DACM,53,0.009259650943396227,0.07146183656195408
2024-12-17,0.0,DACM,48,0.0,0.06125300276738921
2024-12-18,15.512186,DACM,27,0.5745254074074074,0.1422503728151373
2024-12-11,12.346720999999999,DELIGHT,195,0.06331651794871794,0.06331651794871794
2024-12-12,2.0082275,DELIGHT,239,0.008402625523012552,0.035859571735865244
2024-12-13,19.4941945,DELIGHT,241,0.08088877385892115,0.05086930577688389
2024-12-14,0.0003965,DELIGHT,249,1.5923694779116464e-06,0.038152377425032385
2024-12-15,12.502538,DELIGHT,249,0.05021099598393574,0.04056410113681306
2024-12-16,2.999521,DELIGHT,252,0.011902861111111112,0.03578722779919607
2024-12-17,39.760366,DELIGHT,248,0.1603240564516129,0.0535782033209699
2024-12-18,1.264899,DELIGHT,128,0.0098820234375,0.04594470410508162
2024-12-11,1.360223,Dora Factory,359,0.0037889220055710307,0.0037889220055710307
2024-12-12,3.2010430000000003,Dora Factory,444,0.007209556306306307,0.0054992391559386695
2024-12-13,64.396095,Dora Factory,453,0.14215473509933776,0.0510510711370717
2024-12-14,33.704431,Dora Factory,472,0.07140769279661018,0.056140226551956315
2024-12-15,4.950787,Dora Factory,459,0.010786028322440088,0.04706938690605307
2024-12-16,16.106195500000002,Dora Factory,458,0.03516636572052402,0.045085550041798234
2024-12-17,7.86344875,Dora Factory,467,0.016838220021413275,0.04105021718174324
2024-12-18,3.346214,Dora Factory,235,0.014239208510638297,0.0425431152538957
2024-12-11,77.1332635,DragonStake üê≤,169,0.4564098431952663,0.4564098431952663
2024-12-12,5.3368185,DragonStake üê≤,207,0.025781731884057968,0.24109578753966213
2024-12-13,1.392212,DragonStake üê≤,210,0.006629580952380952,0.16294038534390173
2024-12-14,5.245928,DragonStake üê≤,217,0.024174783410138248,0.12824898486046085
2024-12-15,1.8230199999999999,DragonStake üê≤,217,0.008401013824884791,0.10427939065334564
2024-12-16,5.252597,DragonStake üê≤,218,0.024094481651376145,0.0909152391530174
2024-12-17,0.48499950000000003,DragonStake üê≤,215,0.0022558116279069768,0.07824960664943019
2024-12-18,0.0,DragonStake üê≤,111,0.0,0.01304820047867787
2024-12-11,22.1704893,ECO Stake üå±,1063,0.020856528033866416,0.020856528033866416
2024-12-12,32.57854725,ECO Stake üå±,1299,0.025079713048498844,0.022968120541182628
2024-12-13,33.9494265,ECO Stake üå±,1303,0.026054816960859557,0.023997019347741604
2024-12-14,8.123031,ECO Stake üå±,1368,0.005937888157894736,0.019482236550279888
2024-12-15,10.360566,ECO Stake üå±,1343,0.007714494415487714,0.017128688123321453
2024-12-16,39.7466535,ECO Stake üå±,1353,0.02937668403547672,0.01917002077534733
2024-12-17,9.7489495,ECO Stake üå±,1362,0.0071578190161527165,0.017453991952605243
2024-12-18,10.915143,ECO Stake üå±,693,0.0157505670995671,0.016724568961991055
2024-12-11,206.3396255,Enigma,1308,0.15775200726299696,0.15775200726299696
2024-12-12,183.56385395,Enigma,1578,0.11632690364385298,0.13703945545342497
2024-12-13,62.208914,Enigma,1596,0.038978016290726815,0.10435230906585892
2024-12-14,27.663402,Enigma,1644,0.01682688686131387,0.08247095351472265
2024-12-15,81.200774,Enigma,1541,0.05269355872809863,0.07651547455739785
2024-12-16,95.2598495,Enigma,1651,0.05769827347062387,0.07337927437626886
2024-12-17,57.24217575,Enigma,1557,0.036764403179190754,0.06814857849097199
2024-12-18,11.710436999999999,Enigma,845,0.013858505325443785,0.04759236392846438
2024-12-11,258.39543575,Ex Machina,7202,0.03587828877395168,0.03587828877395168
2024-12-12,500.4964822,Ex Machina,8840,0.05661724911764706,0.04624776894579937
2024-12-13,139.42268645,Ex Machina,8873,0.015713139462414063,0.03606955911800427
2024-12-14,79.92923145,Ex Machina,9256,0.008635396656222991,0.029211018502558948
2024-12-15,326.73651675,Ex Machina,9210,0.03547627760586319,0.0304640703232198
2024-12-16,324.9750091,Ex Machina,9243,0.03515904025749216,0.03124656531226519
2024-12-17,2910.94646305,Ex Machina,9221,0.3156866351859885,0.07188086100851139
2024-12-18,131.7388352,Ex Machina,4703,0.028011659621518182,0.07075705684387802
2024-12-11,26.94326555,Figment,1549,0.017393973886378308,0.017393973886378308
2024-12-12,21.318313200000002,Figment,1905,0.011190715590551183,0.014292344738464746
2024-12-13,14.827129000000001,Figment,1913,0.007750720857292212,0.012111803444740568
2024-12-14,70.8571235,Figment,1993,0.035552997240341194,0.017972101893640725
2024-12-15,40.0623385,Figment,1978,0.020253962841253793,0.018428474083163338
2024-12-16,35.95035295,Figment,1990,0.018065503994974877,0.01836797906846526
2024-12-17,553.62209275,Figment,1989,0.2783419269733534,0.055507114483449284
2024-12-18,14.2671205,Figment,1010,0.014125861881188119,0.055040241339850686
2024-12-11,2.4361285,"Frens (ü§ù,ü§ù)",278,0.008763052158273383,0.008763052158273383
2024-12-12,43.49491,"Frens (ü§ù,ü§ù)",342,0.12717809941520467,0.06797057578673903
2024-12-13,18.59141025,"Frens (ü§ù,ü§ù)",340,0.05468061838235294,0.063540589985277
2024-12-14,440.5434105,"Frens (ü§ù,ü§ù)",356,1.2374814901685394,0.3570258150310926
2024-12-15,6.8406155,"Frens (ü§ù,ü§ù)",353,0.01937851416430595,0.2894963548577353
2024-12-16,102.45720800000001,"Frens (ü§ù,ü§ù)",353,0.2902470481586403,0.2896214704078861
2024-12-17,30.314661,"Frens (ü§ù,ü§ù)",355,0.08539341126760563,0.26044603338784605
2024-12-18,4.1492165000000005,"Frens (ü§ù,ü§ù)",179,0.023179980446927376,0.2625055945719395
2024-12-11,216.08781675,HashKey Cloud,481,0.44924702027027025,0.44924702027027025
2024-12-12,380.80243229999996,HashKey Cloud,598,0.6367933650501671,0.5430201926602187
2024-12-13,238.3180615,HashKey Cloud,597,0.3991927328308208,0.4950777060504194
2024-12-14,80.55744325,HashKey Cloud,620,0.12993136008064518,0.40379111955797586
2024-12-15,176.76633175,HashKey Cloud,613,0.2883626945350734,0.38070543455339534
2024-12-16,493.450925,HashKey Cloud,622,0.793329461414791,0.44947610569696134
2024-12-17,234.0755182,HashKey Cloud,612,0.38247633692810457,0.4399047101585532
2024-12-18,59.2309348,HashKey Cloud,318,0.18626080125786162,0.40233525029963774
2024-12-11,45.07763925,Imperator.co,1323,0.03407228968253968,0.03407228968253968
2024-12-12,77.6784868,Imperator.co,1619,0.047979300061766525,0.041025794872153104
2024-12-13,40.5728055,Imperator.co,1583,0.02563032564750474,0.035893971797270316
2024-12-14,7.0628005,Imperator.co,1638,0.004311844017094017,0.02799843985222624
2024-12-15,11.1471565,Imperator.co,1637,0.006809503054367745,0.023760652492654542
2024-12-16,134.99558175,Imperator.co,1633,0.08266722703612983,0.033578414916567094
2024-12-17,21.131263949999997,Imperator.co,1621,0.01303594321406539,0.030643776101923988
2024-12-18,19.0113945,Imperator.co,822,0.023128217153284673,0.029080337169173274
2024-12-11,0.0,InfStones,70,0.0,0.0
2024-12-12,0.16414275,InfStones,90,0.0018238083333333333,0.0009119041666666666
2024-12-13,0.2096175,InfStones,84,0.002495446428571429,0.0014397515873015873
2024-12-14,2.220424,InfStones,89,0.02494858426966292,0.007316959757891921
2024-12-15,1.3496255000000001,InfStones,88,0.015336653409090911,0.008920898488131719
2024-12-16,0.605649,InfStones,88,0.006882375,0.0085811445734431
2024-12-17,0.0519095,InfStones,86,0.0006035988372093023,0.007441495182552557
2024-12-18,0.0209,InfStones,46,0.0004543478260869565,0.007506402014850693
2024-12-11,8.861532,Informal Systems,1040,0.008520703846153846,0.008520703846153846
2024-12-12,45.900345,Informal Systems,1269,0.03617048463356974,0.022345594239861793
2024-12-13,18.825997,Informal Systems,1282,0.014684865054602186,0.01979201784477526
2024-12-14,8.679243249999999,Informal Systems,1332,0.0065159483858858855,0.016473000480052916
2024-12-15,17.0814675,Informal Systems,1323,0.012911162131519273,0.015760632810346186
2024-12-16,15.1865475,Informal Systems,1331,0.011409877911344853,0.015035506993845963
2024-12-17,32.6844175,Informal Systems,1333,0.02451944298574644,0.01639035499268889
2024-12-18,38.6201235,Informal Systems,674,0.05729988649851632,0.0233588096573121
2024-12-11,374.12057324999995,Interstellar Lounge üç∏,148,2.5278417111486484,2.5278417111486484
2024-12-12,45.6475838,Interstellar Lounge üç∏,182,0.2508109,1.3893263055743241
2024-12-13,48.400647,Interstellar Lounge üç∏,182,0.2659376208791209,1.0148634106759231
2024-12-14,25.7231373,Interstellar Lounge üç∏,189,0.13610125555555555,0.7951728718958312
2024-12-15,46.0385417,Interstellar Lounge üç∏,189,0.24359016772486775,0.6848563310616386
2024-12-16,50.6921452,Interstellar Lounge üç∏,190,0.2668007642105263,0.6151804032531198
2024-12-17,93.60527075,Interstellar Lounge üç∏,191,0.4900799515706806,0.5973089101556285
2024-12-18,195.75164550000002,Interstellar Lounge üç∏,96,2.0390796406250002,0.5274857572236787
2024-12-11,2.757035,Kahuna,164,0.016811189024390244,0.016811189024390244
2024-12-12,10.4220645,Kahuna,198,0.05263668939393939,0.03472393920916482
2024-12-13,1.963461,Kahuna,195,0.010069030769230769,0.02650563639585347
2024-12-14,16.5210705,Kahuna,207,0.0798119347826087,0.03983221099254228
2024-12-15,2.9622249999999997,Kahuna,195,0.015190897435897435,0.03490394828121331
2024-12-16,291.72533200000004,Kahuna,206,1.4161423883495148,0.26511035495926355
2024-12-17,2.5728815000000003,Kahuna,205,0.012550641463414636,0.22903039588842802
2024-12-18,0.0197935,Kahuna,107,0.0001849859813084112,0.22665522402513058
2024-12-11,490.70248945,Keplr,2769,0.17721288893102202,0.17721288893102202
2024-12-12,1142.8526345,Keplr,3323,0.34392194839000906,0.2605674186605155
2024-12-13,494.83298299999996,Keplr,3271,0.15127880862121673,0.22413788198074927
2024-12-14,328.621128,Keplr,3527,0.09317298780833569,0.1913966584376459
2024-12-15,1084.87765,Keplr,3522,0.30802886144236225,0.21472309903858916
2024-12-16,2785.5016739499997,Keplr,3524,0.7904374784194097,0.31067549560205926
2024-12-17,891.9176065,Keplr,3455,0.2581527081041968,0.30317224024522177
2024-12-18,190.6085066,Keplr,1772,0.10756687731376975,0.2932228100141857
2024-12-11,102.99445885,Kiln,3387,0.030408756672571598,0.030408756672571598
2024-12-12,93.8470651,Kiln,4146,0.022635568041485768,0.026522162357028683
2024-12-13,45.73373375,Kiln,4170,0.010967322242206234,0.021337215652087866
2024-12-14,36.824186250000004,Kiln,4342,0.008480927280055275,0.018123143559079718
2024-12-15,35.5144777,Kiln,4332,0.00819817121421976,0.016138149090107728
2024-12-16,61.51117975,Kiln,4205,0.014628104577883471,0.015886475004737017
2024-12-17,206.102783,Kiln,4112,0.05012227213035019,0.020777303165538902
2024-12-18,38.61467225,Kiln,2089,0.018484764121589278,0.019073875658255714
2024-12-11,42.575276,Ledger by Meria,1066,0.03993928330206379,0.03993928330206379
2024-12-12,123.431676,Ledger by Meria,1320,0.09350884545454545,0.06672406437830462
2024-12-13,33.118911499999996,Ledger by Meria,1317,0.025147237281700832,0.05286512201277002
2024-12-14,17.235428,Ledger by Meria,1367,0.012608213606437454,0.04280089491118688
2024-12-15,30.42495,Ledger by Meria,1353,0.0224870288248337,0.038738121693916244
2024-12-16,420.99446750000004,Ledger by Meria,1361,0.30932730896399707,0.08383631957226305
2024-12-17,43.28139675,Ledger by Meria,1359,0.031847974061810155,0.07640941307076977
2024-12-18,8.064426000000001,Ledger by Meria,688,0.011721549418604652,0.0723783082302756
2024-12-11,9.8567845,Luganodes,633,0.015571539494470774,0.015571539494470774
2024-12-12,26.6028273,Luganodes,788,0.033759933121827415,0.024665736308149094
2024-12-13,8.280704499999999,Luganodes,783,0.010575612388250317,0.019969028334849502
2024-12-14,124.128702,Luganodes,829,0.1497330542822678,0.052410034821704074
2024-12-15,9.8511995,Luganodes,831,0.011854632370637786,0.044298954331490815
2024-12-16,9.5987175,Luganodes,843,0.011386379003558718,0.0388135251101688
2024-12-17,16.377458,Luganodes,840,0.01949697380952381,0.03605401778150523
2024-12-18,3.147014,Luganodes,423,0.007439749408983451,0.034892333483578473
2024-12-11,376.3641,Meria,948,0.39700854430379745,0.39700854430379745
2024-12-12,352.88663775000003,Meria,1126,0.31339843494671404,0.3552034896252557
2024-12-13,218.85328345,Meria,1135,0.19282227616740089,0.3010764184726375
2024-12-14,149.6145505,Meria,1187,0.12604427169334456,0.25731838177781424
2024-12-15,74.0467201,Meria,1182,0.06264527927241963,0.21838376127673534
2024-12-16,367.1891132,Meria,1181,0.31091372836579173,0.23380542245824473
2024-12-17,217.48504005,Meria,1176,0.18493625854591839,0.22682411332791239
2024-12-18,73.92142125,Meria,605,0.1221841673553719,0.18756348804956588
2024-12-11,15.652381499999999,Nansen,275,0.0569177509090909,0.0569177509090909
2024-12-12,2.1960825,Nansen,328,0.0066953734756097566,0.03180656219235033
2024-12-13,2.19480975,Nansen,323,0.006795076625386997,0.023469400336695884
2024-12-14,6.6937035,Nansen,324,0.020659578703703704,0.02276694492844784
2024-12-15,1.0206925,Nansen,324,0.0031502854938271607,0.018843613041523703
2024-12-16,2.3041372,Nansen,320,0.00720042875,0.016903082326269754
2024-12-17,1.7028145000000001,Nansen,320,0.0053212953125,0.015248541324302646
2024-12-18,0.91869,Nansen,164,0.0056017682926829265,0.007917686664815791
2024-12-11,4.5461025,Nocturnal Labs,351,0.012951858974358974,0.012951858974358974
2024-12-12,13.834102999999999,Nocturnal Labs,432,0.032023386574074074,0.022487622774216523
2024-12-13,7.325245,Nocturnal Labs,435,0.016839643678160918,0.02060496307553132
2024-12-14,17.214998,Nocturnal Labs,448,0.03842633482142858,0.025060306012005637
2024-12-15,4.3843545,Nocturnal Labs,450,0.00974301,0.02199684680960451
2024-12-16,5.150475000000001,Nocturnal Labs,448,0.01149659598214286,0.020246805005027565
2024-12-17,19.9257945,Nocturnal Labs,450,0.04427954333333333,0.023680053337642677
2024-12-18,2.3834874999999998,Nocturnal Labs,229,0.010408242358078601,0.02331667953531691
2024-12-11,28.655537,Nodeplus,105,0.2729098761904762,0.2729098761904762
2024-12-12,238.964348,Nodeplus,128,1.86690896875,1.0699094224702381
2024-12-13,17.431306,Nodeplus,131,0.13306340458015267,0.7576274165068764
2024-12-14,15.740604000000001,Nodeplus,135,0.11659706666666668,0.5973698290468239
2024-12-15,62.86182049999999,Nodeplus,136,0.4622192683823529,0.5703397169139297
2024-12-16,84.0142875,Nodeplus,135,0.6223280555555555,0.5790044400208673
2024-12-17,35.69243125,Nodeplus,135,0.26438837962962963,0.5340592885364048
2024-12-18,58.313066,Nodeplus,70,0.8330438,0.6140784205091939
2024-12-11,268.66082125,Nodes.Guru,976,0.2752672348872951,0.2752672348872951
2024-12-12,706.9412605,Nodes.Guru,1181,0.5985954788314988,0.43693135685939694
2024-12-13,264.48975555,Nodes.Guru,1160,0.22800840995689653,0.36729037455856345
2024-12-14,204.407665,Nodes.Guru,1242,0.16457944041867956,0.3166126410235925
2024-12-15,133.824126,Nodes.Guru,1230,0.1088001024390244,0.2750501333066789
2024-12-16,248.926481,Nodes.Guru,1237,0.20123401859337106,0.26274744752112755
2024-12-17,455.6500309,Nodes.Guru,1227,0.3713529184189079,0.278262514792239
2024-12-18,103.01799150000001,Nodes.Guru,618,0.1666957791262136,0.26275230682637024
2024-12-11,633.615018,OKX Earn,1451,0.43667471950379044,0.43667471950379044
2024-12-12,1568.9613186,OKX Earn,1726,0.9090158276940903,0.6728452735989403
2024-12-13,749.91599025,OKX Earn,1727,0.4342304517950203,0.5933069996643003
2024-12-14,242.10969175,OKX Earn,1809,0.13383620328911,0.47843930057050277
2024-12-15,391.912023,OKX Earn,1800,0.21772890166666664,0.4262972207897356
2024-12-16,784.3389945,OKX Earn,1826,0.42953942743702084,0.42683758856428305
2024-12-17,751.33781395,OKX Earn,1802,0.41694662261376253,0.4254245934284944
2024-12-18,323.23651424999997,OKX Earn,920,0.35134403722826085,0.41323449596056167
2024-12-11,1.0968955,OWALLET,113,0.00970703982300885,0.00970703982300885
2024-12-12,15.969779500000001,OWALLET,136,0.1174248492647059,0.06356594454385738
2024-12-13,17.989380999999998,OWALLET,139,0.1294200071942446,0.08551729876065312
2024-12-14,0.260434,OWALLET,142,0.0018340422535211268,0.06459648463387012
2024-12-15,0.683296,OWALLET,137,0.004987562043795621,0.05267470011585522
2024-12-16,53.499571,OWALLET,143,0.37412287412587414,0.10624939578419172
2024-12-17,1.23514,OWALLET,130,0.009501076923076923,0.09242820737546102
2024-12-18,0.0,OWALLET,73,0.0,0.09104148740074548
2024-12-11,7.8114615,P2P.ORG - P2P Validator,110,0.07101328636363637,0.07101328636363637
2024-12-12,64.613976,P2P.ORG - P2P Validator,135,0.4786220444444444,0.2748176654040404
2024-12-13,26.309175,P2P.ORG - P2P Validator,134,0.19633712686567165,0.2486574858912508
2024-12-14,9.1195325,P2P.ORG - P2P Validator,139,0.06560814748201439,0.2028951512889417
2024-12-15,11.2008495,P2P.ORG - P2P Validator,138,0.08116557608695653,0.17854923624854466
2024-12-16,32.98736975,P2P.ORG - P2P Validator,140,0.23562406964285715,0.18806170848093007
2024-12-17,28.06057,P2P.ORG - P2P Validator,140,0.20043264285714285,0.18982898482038907
2024-12-18,0.7986905,P2P.ORG - P2P Validator,72,0.01109292361111111,0.18126893299859972
2024-12-11,449.35619825,PRO Delegators,982,0.4575928699083503,0.4575928699083503
2024-12-12,834.46312775,PRO Delegators,1192,0.7000529595218121,0.5788229147150812
2024-12-13,938.40231325,PRO Delegators,1204,0.7794039146594685,0.645683248029877
2024-12-14,439.125631,PRO Delegators,1256,0.3496223176751592,0.5716680154411975
2024-12-15,686.5473435,PRO Delegators,1242,0.5527756388888889,0.5678895401307358
2024-12-16,1406.02955245,PRO Delegators,1240,1.1338948003629032,0.6622237501694304
2024-12-17,690.3849438,PRO Delegators,1222,0.5649631291325695,0.6483293757355931
2024-12-18,179.43415199999998,PRO Delegators,619,0.28987746688206784,0.6243700324461241
2024-12-11,101.2853512,Pareto,1469,0.0689485031994554,0.0689485031994554
2024-12-12,341.39344700000004,Pareto,1789,0.19082920458356625,0.12988885389151084
2024-12-13,295.0112212,Pareto,1794,0.16444326711259755,0.14140699163187306
2024-12-14,120.46464825,Pareto,1866,0.06455768930868166,0.12219466605107521
2024-12-15,76.72437624999999,Pareto,1846,0.041562500677139756,0.10606823297628812
2024-12-16,646.9955348,Pareto,1828,0.3539362881838074,0.14737957551087466
2024-12-17,323.897219,Pareto,1815,0.17845576804407715,0.15181903158704646
2024-12-18,50.473502,Pareto,905,0.055771825414364644,0.1499366490463192
2024-12-11,1753.3817271,Polychain,7251,0.24181240202730658,0.24181240202730658
2024-12-12,4681.6195736,Polychain,8912,0.525316379443447,0.3835643907353768
2024-12-13,2064.57573165,Polychain,8957,0.23049857448364405,0.3325424519847992
2024-12-14,1345.44998225,Polychain,9353,0.14385223802523253,0.28536989849490757
2024-12-15,1548.27613215,Polychain,9300,0.16648130453225807,0.26159217970237764
2024-12-16,3422.86907285,Polychain,9319,0.3673000400096577,0.27921015642025765
2024-12-17,2545.9896606,Polychain,9313,0.27338018475249654,0.2783773033248632
2024-12-18,1196.917875,Polychain,4743,0.2523546015180266,0.27988333182353753
2024-12-11,3.6987905,Provalidator,17,0.21757591176470586,0.21757591176470586
2024-12-12,0.20020400000000002,Provalidator,18,0.011122444444444445,0.11434917810457515
2024-12-13,3.3066502,Provalidator,21,0.15745953333333335,0.12871929651416122
2024-12-14,0.0,Provalidator,21,0.0,0.09653947238562091
2024-12-15,0.392919,Provalidator,21,0.018710428571428572,0.08097366362278244
2024-12-16,0.0,Provalidator,22,0.0,0.06747805301898537
2024-12-17,1.038962,Provalidator,21,0.04947438095238095,0.0649060998666133
2024-12-18,0.0,Provalidator,11,0.0,0.03382382675736961
2024-12-11,5.3627062500000005,Skycatcher,25,0.21450825,0.21450825
2024-12-12,0.0,Skycatcher,32,0.0,0.107254125
2024-12-13,0.0,Skycatcher,31,0.0,0.07150275
2024-12-14,0.031619,Skycatcher,34,0.0009299705882352941,0.05385955514705883
2024-12-15,0.0,Skycatcher,35,0.0,0.04308764411764706
2024-12-16,2.577114,Skycatcher,33,0.07809436363636363,0.04892209737076649
2024-12-17,0.0,Skycatcher,34,0.0,0.041933226317799846
2024-12-18,0.0,Skycatcher,17,0.0,0.011289190603514132
2024-12-11,60.470386000000005,Smart Stake üìàüìä,422,0.14329475355450239,0.14329475355450239
2024-12-12,614.2557833,Smart Stake üìàüìä,521,1.178993825911708,0.6611442897331052
2024-12-13,86.05368925,Smart Stake üìàüìä,520,0.1654878639423077,0.4959254811361727
2024-12-14,16.8273235,Smart Stake üìàüìä,544,0.030932579963235292,0.3796772558429384
2024-12-15,14.790765500000001,Smart Stake üìàüìä,541,0.02733967744916821,0.30920974016418434
2024-12-16,139.5180265,Smart Stake üìàüìä,547,0.25506037751371113,0.3001848463891055
2024-12-17,4853.048995499999,Smart Stake üìàüìä,537,9.037335187150838,1.5483491807836387
2024-12-18,48.89349525,Smart Stake üìàüìä,276,0.17715034510869565,1.5531856938628092
2024-12-11,47.57827725,Stakecito,982,0.04845038416496945,0.04845038416496945
2024-12-12,417.60643825,Stakecito,1197,0.3488775591060986,0.198663971635534
2024-12-13,41.852103,Stakecito,1215,0.034446175308641976,0.14392470619323666
2024-12-14,10.794817,Stakecito,1276,0.008459887931034483,0.11005850162768611
2024-12-15,14.1037625,Stakecito,1270,0.011105324803149606,0.09026786626277881
2024-12-16,201.60951925,Stakecito,1274,0.15824923018053375,0.10159809358240464
2024-12-17,174.790356,Stakecito,1268,0.13784728391167192,0.10677654934372853
2024-12-18,1.1082985,Stakecito,647,0.001712980680061824,0.10009977741731316
2024-12-11,8.605618999999999,Staked,842,0.010220450118764844,0.010220450118764844
2024-12-12,7.974029,Staked,1034,0.007711826885880077,0.00896613850232246
2024-12-13,3.9095925,Staked,1039,0.003762841674687199,0.007231706226444041
2024-12-14,7.5217785,Staked,1086,0.006926131215469613,0.0071553124737004335
2024-12-15,3.995145,Staked,1072,0.0037268143656716416,0.006469612852094675
2024-12-16,18.493703,Staked,1081,0.017107958371877893,0.008242670438725211
2024-12-17,74.54214275,Staked,1084,0.06876581434501845,0.01688883385390996
2024-12-18,6.070012,Staked,549,0.01105648816029144,0.017008267859842333
2024-12-11,184.56684655,TTT VN,1203,0.1534221500831255,0.1534221500831255
2024-12-12,24.9015543,TTT VN,1472,0.016916816779891305,0.0851694834315084
2024-12-13,11.67685375,TTT VN,1477,0.007905791299932295,0.0594149193876497
2024-12-14,4.34766875,TTT VN,1538,0.0028268327373211968,0.04526789772506758
2024-12-15,29.604897,TTT VN,1534,0.019299150586701435,0.04007414829739435
2024-12-16,16.0089042,TTT VN,1539,0.010402146978557505,0.035128814744254874
2024-12-17,201.7956583,TTT VN,1536,0.13137738170572918,0.04887861002446549
2024-12-18,58.503654000000004,TTT VN,779,0.07510096790757381,0.037689869713672386
2024-12-11,672.19615365,Validation Cloud,2002,0.33576231451048955,0.33576231451048955
2024-12-12,3400.9352807,Validation Cloud,2436,1.3961146472495896,0.8659384808800396
2024-12-13,498.43330075,Validation Cloud,2489,0.20025443983527522,0.6440438005317848
2024-12-14,320.399607,Validation Cloud,2607,0.1228997341772152,0.5137577839431424
2024-12-15,287.57990225,Validation Cloud,2594,0.11086349354279104,0.4331789258630721
2024-12-16,883.2113382,Validation Cloud,2560,0.345004428984375,0.41848317638328925
2024-12-17,777.09409795,Validation Cloud,2549,0.3048623373675951,0.4022516279524758
2024-12-18,1487.010371,Validation Cloud,1287,1.1554082136752137,0.5193438992617221
2024-12-11,3.9611725,XMG Capital,29,0.1365921551724138,0.1365921551724138
2024-12-12,0.0,XMG Capital,35,0.0,0.0682960775862069
2024-12-13,18.293332499999998,XMG Capital,35,0.5226666428571428,0.21975293267651885
2024-12-14,0.0,XMG Capital,37,0.0,0.16481469950738917
2024-12-15,0.36972099999999997,XMG Capital,37,0.009992459459459459,0.13385025149780322
2024-12-16,0.9367099999999999,XMG Capital,37,0.025316486486486486,0.11576129066258377
2024-12-17,0.0,XMG Capital,37,0.0,0.0992239634250718
2024-12-18,0.047025,XMG Capital,18,0.0026125,0.08008401268615555
2024-12-11,192.5931545,coinhall.org üìàüîÑ,957,0.20124676541274816,0.20124676541274816
2024-12-12,566.08581,coinhall.org üìàüîÑ,1164,0.4863280154639176,0.34378739043833284
2024-12-13,107.2900765,coinhall.org üìàüîÑ,1154,0.09297233665511265,0.2601823725105928
2024-12-14,56.4738855,coinhall.org üìàüîÑ,1225,0.046101131020408165,0.20666206213804664
2024-12-15,505.8687479999999,coinhall.org üìàüîÑ,1225,0.41295407999999995,0.2479204657104373
2024-12-16,248.84849075,coinhall.org üìàüîÑ,1209,0.20583001716294458,0.24090539095252184
2024-12-17,225.10121,coinhall.org üìàüîÑ,1208,0.18634206125827815,0.2331106295676299
2024-12-18,122.3154965,coinhall.org üìàüîÑ,603,0.20284493615257046,0.23333893967331878
2024-12-11,569.7035565,polkachu.com,2096,0.2718051319179389,0.2718051319179389
2024-12-12,435.64888375000004,polkachu.com,2522,0.17273944637192706,0.222272289144933
2024-12-13,73.8025794,polkachu.com,2528,0.029194058306962024,0.15791287886560934
2024-12-14,58.498558499999994,polkachu.com,2632,0.02222589608662614,0.12399113317086354
2024-12-15,64.2813525,polkachu.com,2620,0.02453486736641221,0.10409988000997328
2024-12-16,71.30192345,polkachu.com,2687,0.02653588516933383,0.09117254753653337
2024-12-17,115.81822775,polkachu.com,2699,0.04291153306780289,0.08427811689814331
2024-12-18,37.335897,polkachu.com,1380,0.02705499782608696,0.04931381202787873
2024-12-11,0.7133125,strangelove,46,0.01550679347826087,0.01550679347826087
2024-12-12,0.0,strangelove,57,0.0,0.007753396739130435
2024-12-13,0.8441949999999999,strangelove,57,0.014810438596491227,0.010105744024917365
2024-12-14,0.483852,strangelove,58,0.008342275862068966,0.009664876984205265
2024-12-15,0.05037,strangelove,59,0.000853728813559322,0.007902647350076076
2024-12-16,0.875472,strangelove,58,0.015094344827586207,0.009101263596327765
2024-12-17,0.2788265,strangelove,59,0.004725872881355932,0.008476207779903218
2024-12-18,0.0,strangelove,29,0.0,0.006260951568723093
